,Agent,Coop_list,Coop_list_dict
0,0,"[['95', ' 1'], ['27', ' 2'], ['55', ' 1'], ['34', ' 1']]","{'95': 1, '27': 2, '55': 1, '34': 1}"
1,1,"[['31', ' 21'], ['13', ' 1'], ['33', ' 2'], ['18', ' 2'], ['39', ' 12'], ['91', ' 1'], ['80', ' 2'], ['98', ' 1'], ['6', ' 1'], ['26', ' 1']]","{'31': 21, '13': 1, '33': 2, '18': 2, '39': 12, '91': 1, '80': 2, '98': 1, '6': 1, '26': 1}"
2,2,"[['90', ' 3'], ['74', ' 1'], ['15', ' 2'], ['9', ' 1'], ['14', ' 2'], ['4', ' 3'], ['52', ' 2'], ['62', ' 2'], ['42', ' 1'], ['41', ' 1'], ['79', ' 1'], ['44', ' 1'], ['83', ' 1']]","{'90': 3, '74': 1, '15': 2, '9': 1, '14': 2, '4': 3, '52': 2, '62': 2, '42': 1, '41': 1, '79': 1, '44': 1, '83': 1}"
3,3,"[['47', ' 2'], ['4', ' 1'], ['80', ' -1'], ['89', ' 2'], ['76', ' 2'], ['90', ' 1']]","{'47': 2, '4': 1, '80': -1, '89': 2, '76': 2, '90': 1}"
4,4,"[['97', ' 38'], ['24', ' 16'], ['18', ' 1'], ['9', ' 20'], ['15', ' 30'], ['55', ' 10'], ['2', ' 1'], ['76', ' 4'], ['47', ' -1'], ['90', ' 27'], ['14', ' 15'], ['52', ' 25'], ['58', ' 8'], ['3', ' 1'], ['56', ' 6'], ['70', ' 7'], ['26', ' 4'], ['28', ' 10'], ['50', ' 5'], ['67', ' 1'], ['75', ' 9'], ['51', ' 7'], ['99', ' 5'], ['59', ' 12'], ['85', ' 12'], ['13', ' 9'], ['42', ' 7'], ['98', ' 7'], ['43', ' 4'], ['17', ' 7'], ['82', ' 1'], ['31', ' 6'], ['83', ' 3'], ['44', ' 3'], ['95', ' 5'], ['62', ' 2'], ['89', ' 1']]","{'97': 38, '24': 16, '18': 1, '9': 20, '15': 30, '55': 10, '2': 1, '76': 4, '47': -1, '90': 27, '14': 15, '52': 25, '58': 8, '3': 1, '56': 6, '70': 7, '26': 4, '28': 10, '50': 5, '67': 1, '75': 9, '51': 7, '99': 5, '59': 12, '85': 12, '13': 9, '42': 7, '98': 7, '43': 4, '17': 7, '82': 1, '31': 6, '83': 3, '44': 3, '95': 5, '62': 2, '89': 1}"
5,5,"[['15', ' 7'], ['20', ' 2'], ['86', ' 1'], ['54', ' 2'], ['42', ' 1'], ['57', ' 1'], ['25', ' 1'], ['8', ' 1'], ['36', ' 1']]","{'15': 7, '20': 2, '86': 1, '54': 2, '42': 1, '57': 1, '25': 1, '8': 1, '36': 1}"
6,6,"[['63', ' 3'], ['62', ' 11'], ['96', ' 0'], ['14', ' 5'], ['75', ' 7'], ['51', ' 5'], ['99', ' 5'], ['28', ' 7'], ['85', ' 7'], ['9', ' 1'], ['18', ' 2'], ['70', ' 2'], ['50', ' 2'], ['33', ' 2'], ['67', ' 2'], ['74', ' 2'], ['59', ' 2'], ['31', ' 3'], ['55', ' 2'], ['61', ' 1']]","{'63': 3, '62': 11, '96': 0, '14': 5, '75': 7, '51': 5, '99': 5, '28': 7, '85': 7, '9': 1, '18': 2, '70': 2, '50': 2, '33': 2, '67': 2, '74': 2, '59': 2, '31': 3, '55': 2, '61': 1}"
7,7,"[['82', ' 2'], ['98', ' 13'], ['48', ' 3'], ['13', ' 5'], ['97', ' 1'], ['83', ' 2'], ['6', ' 1'], ['70', ' 1']]","{'82': 2, '98': 13, '48': 3, '13': 5, '97': 1, '83': 2, '6': 1, '70': 1}"
8,8,"[['78', ' 3'], ['27', ' 1'], ['61', ' 6'], ['28', ' 1'], ['5', ' 1'], ['15', ' 1'], ['98', ' 1']]","{'78': 3, '27': 1, '61': 6, '28': 1, '5': 1, '15': 1, '98': 1}"
9,9,"[['38', ' -1'], ['97', ' 43'], ['2', ' 3'], ['4', ' 21'], ['24', ' 22'], ['71', ' 1'], ['42', ' 1'], ['15', ' 8'], ['90', ' 6'], ['14', ' 6'], ['52', ' 6'], ['58', ' 3'], ['6', ' 1'], ['55', ' 1'], ['28', ' 1'], ['59', ' 1'], ['85', ' 1']]","{'38': -1, '97': 43, '2': 3, '4': 21, '24': 22, '71': 1, '42': 1, '15': 8, '90': 6, '14': 6, '52': 6, '58': 3, '6': 1, '55': 1, '28': 1, '59': 1, '85': 1}"
10,10,"[['80', ' 3']]",{'80': 3}
11,11,"[['85', ' 9'], ['70', ' 3'], ['53', ' 2']]","{'85': 9, '70': 3, '53': 2}"
12,12,"[['55', ' 25'], ['75', ' 12'], ['31', ' 15'], ['85', ' 11'], ['28', ' 9'], ['51', ' 9'], ['62', ' 2'], ['59', ' 13'], ['81', ' 1'], ['58', ' 1'], ['53', ' 2'], ['99', ' 5'], ['74', ' 1'], ['50', ' 1'], ['33', ' 1'], ['67', ' 7'], ['98', ' 5'], ['42', ' 1'], ['13', ' 1'], ['66', ' 1'], ['57', ' -1'], ['21', ' 1'], ['30', ' -1'], ['94', ' 1'], ['25', ' 7'], ['23', ' 1'], ['36', ' 2'], ['60', ' 1']]","{'55': 25, '75': 12, '31': 15, '85': 11, '28': 9, '51': 9, '62': 2, '59': 13, '81': 1, '58': 1, '53': 2, '99': 5, '74': 1, '50': 1, '33': 1, '67': 7, '98': 5, '42': 1, '13': 1, '66': 1, '57': -1, '21': 1, '30': -1, '94': 1, '25': 7, '23': 1, '36': 2, '60': 1}"
13,13,"[['59', ' 34079'], ['31', ' 1716'], ['98', ' 564'], ['85', ' 445'], ['38', ' 6'], ['56', ' 58'], ['82', ' 96'], ['80', ' 7'], ['42', ' 178'], ['90', ' 21'], ['7', ' 2'], ['48', ' 202'], ['97', ' 203'], ['58', ' 241'], ['15', ' 211'], ['91', ' 34'], ['29', ' 181'], ['55', ' 148'], ['22', ' 27'], ['28', ' 117'], ['75', ' 97'], ['16', ' -4'], ['12', ' 1'], ['67', ' 39'], ['50', ' 39'], ['33', ' 24'], ['52', ' 21'], ['74', ' 18'], ['51', ' 55'], ['63', ' 1'], ['77', ' 15'], ['99', ' 37'], ['14', ' 15'], ['36', ' 9'], ['43', ' 11'], ['4', ' 9'], ['24', ' 4'], ['35', ' 1'], ['18', ' 1'], ['70', ' 1'], ['62', ' 1']]","{'59': 34079, '31': 1716, '98': 564, '85': 445, '38': 6, '56': 58, '82': 96, '80': 7, '42': 178, '90': 21, '7': 2, '48': 202, '97': 203, '58': 241, '15': 211, '91': 34, '29': 181, '55': 148, '22': 27, '28': 117, '75': 97, '16': -4, '12': 1, '67': 39, '50': 39, '33': 24, '52': 21, '74': 18, '51': 55, '63': 1, '77': 15, '99': 37, '14': 15, '36': 9, '43': 11, '4': 9, '24': 4, '35': 1, '18': 1, '70': 1, '62': 1}"
14,14,"[['2', ' 0'], ['77', ' 2'], ['97', ' 6'], ['75', ' 43'], ['52', ' 20'], ['50', ' 3'], ['51', ' 25'], ['99', ' 19'], ['28', ' 23'], ['59', ' 15'], ['85', ' 24'], ['74', ' 1'], ['4', ' 16'], ['31', ' 7'], ['55', ' 9'], ['96', ' 7'], ['45', ' 1'], ['13', ' 15'], ['90', ' 22'], ['15', ' 22'], ['24', ' 6'], ['9', ' 6'], ['56', ' 2'], ['70', ' 2'], ['58', ' 4'], ['26', ' 2'], ['6', ' 5'], ['78', ' 1'], ['42', ' 3'], ['98', ' 3'], ['43', ' 3'], ['82', ' 1'], ['62', ' 3'], ['61', ' 1']]","{'2': 0, '77': 2, '97': 6, '75': 43, '52': 20, '50': 3, '51': 25, '99': 19, '28': 23, '59': 15, '85': 24, '74': 1, '4': 16, '31': 7, '55': 9, '96': 7, '45': 1, '13': 15, '90': 22, '15': 22, '24': 6, '9': 6, '56': 2, '70': 2, '58': 4, '26': 2, '6': 5, '78': 1, '42': 3, '98': 3, '43': 3, '82': 1, '62': 3, '61': 1}"
15,15,"[['2', ' 0'], ['23', ' 0'], ['48', ' 191'], ['91', ' 39'], ['54', ' 9'], ['97', ' 199'], ['58', ' 207'], ['98', ' 236'], ['13', ' 209'], ['29', ' 162'], ['4', ' 30'], ['85', ' 46'], ['59', ' 44'], ['31', ' 68'], ['82', ' 2'], ['89', ' 2'], ['55', ' 56'], ['45', ' 1'], ['21', ' 20'], ['42', ' 22'], ['86', ' -4'], ['39', ' 31'], ['90', ' 79'], ['95', ' 14'], ['17', ' 3'], ['14', ' 22'], ['52', ' 27'], ['56', ' 12'], ['83', ' 9'], ['44', ' 9'], ['24', ' 11'], ['9', ' 8'], ['5', ' 3'], ['87', ' 3'], ['28', ' 17'], ['81', ' 5'], ['70', ' 4'], ['26', ' 6'], ['50', ' 4'], ['20', ' 1'], ['75', ' 18'], ['51', ' 11'], ['99', ' 5'], ['43', ' 4'], ['22', ' 2'], ['67', ' 3'], ['62', ' 2'], ['8', ' 1'], ['47', ' 1']]","{'2': 0, '23': 0, '48': 191, '91': 39, '54': 9, '97': 199, '58': 207, '98': 236, '13': 209, '29': 162, '4': 30, '85': 46, '59': 44, '31': 68, '82': 2, '89': 2, '55': 56, '45': 1, '21': 20, '42': 22, '86': -4, '39': 31, '90': 79, '95': 14, '17': 3, '14': 22, '52': 27, '56': 12, '83': 9, '44': 9, '24': 11, '9': 8, '5': 3, '87': 3, '28': 17, '81': 5, '70': 4, '26': 6, '50': 4, '20': 1, '75': 18, '51': 11, '99': 5, '43': 4, '22': 2, '67': 3, '62': 2, '8': 1, '47': 1}"
16,16,"[['13', ' 6'], ['77', ' 4'], ['94', ' 2'], ['40', ' 2']]","{'13': 6, '77': 4, '94': 2, '40': 2}"
17,17,"[['21', ' 1'], ['76', ' 1'], ['32', ' 1'], ['90', ' 5'], ['95', ' 2'], ['15', ' 3'], ['39', ' 0'], ['18', ' 1'], ['35', ' 1'], ['4', ' 5'], ['99', ' 1']]","{'21': 1, '76': 1, '32': 1, '90': 5, '95': 2, '15': 3, '39': 0, '18': 1, '35': 1, '4': 5, '99': 1}"
18,18,"[['70', ' 47'], ['55', ' 20'], ['90', ' 1'], ['51', ' 5'], ['1', ' 4'], ['50', ' 39'], ['4', ' 1'], ['62', ' 45'], ['52', ' 1'], ['76', ' 1'], ['43', ' 1'], ['46', ' 2'], ['71', ' 1'], ['17', ' 1'], ['33', ' 6'], ['67', ' 11'], ['85', ' 6'], ['74', ' 6'], ['75', ' 8'], ['59', ' 7'], ['31', ' 6'], ['98', ' 8'], ['25', ' 4'], ['68', ' 1'], ['58', ' 4'], ['28', ' 3'], ['6', ' 2'], ['42', ' 1'], ['13', ' 1']]","{'70': 47, '55': 20, '90': 1, '51': 5, '1': 4, '50': 39, '4': 1, '62': 45, '52': 1, '76': 1, '43': 1, '46': 2, '71': 1, '17': 1, '33': 6, '67': 11, '85': 6, '74': 6, '75': 8, '59': 7, '31': 6, '98': 8, '25': 4, '68': 1, '58': 4, '28': 3, '6': 2, '42': 1, '13': 1}"
19,19,"[['27', ' 2'], ['75', ' 2']]","{'27': 2, '75': 2}"
20,20,"[['5', ' 1'], ['8', ' 1'], ['51', ' 0'], ['15', ' 1']]","{'5': 1, '8': 1, '51': 0, '15': 1}"
21,21,"[['90', ' 12'], ['24', ' 0'], ['95', ' 3'], ['17', ' 3'], ['15', ' 24'], ['39', ' 10'], ['23', ' 3'], ['31', ' 9'], ['98', ' 9'], ['87', ' 1'], ['12', ' 1'], ['20', ' 1'], ['81', ' 3'], ['47', ' 1'], ['58', ' 1'], ['51', ' 1'], ['67', ' 1'], ['26', ' 1']]","{'90': 12, '24': 0, '95': 3, '17': 3, '15': 24, '39': 10, '23': 3, '31': 9, '98': 9, '87': 1, '12': 1, '20': 1, '81': 3, '47': 1, '58': 1, '51': 1, '67': 1, '26': 1}"
22,22,"[['31', ' 53'], ['56', ' 31'], ['58', ' 51'], ['42', ' 5'], ['13', ' 31'], ['24', ' 1'], ['33', ' 1'], ['85', ' 15'], ['59', ' 14'], ['70', ' 2'], ['26', ' 2'], ['98', ' 11'], ['55', ' 4'], ['28', ' 4'], ['18', ' 1'], ['84', ' -1'], ['29', ' 2'], ['97', ' 2'], ['48', ' 2'], ['15', ' 2'], ['65', ' 1']]","{'31': 53, '56': 31, '58': 51, '42': 5, '13': 31, '24': 1, '33': 1, '85': 15, '59': 14, '70': 2, '26': 2, '98': 11, '55': 4, '28': 4, '18': 1, '84': -1, '29': 2, '97': 2, '48': 2, '15': 2, '65': 1}"
23,23,"[['15', ' 4'], ['21', ' 3'], ['39', ' 3'], ['46', ' 1'], ['81', ' 3'], ['12', ' 1'], ['62', ' 2'], ['36', ' 1']]","{'15': 4, '21': 3, '39': 3, '46': 1, '81': 3, '12': 1, '62': 2, '36': 1}"
24,24,"[['4', ' 25'], ['97', ' 54'], ['22', ' 2'], ['85', ' 2'], ['9', ' 26'], ['21', ' 1'], ['73', ' 1'], ['79', ' 1'], ['15', ' 11'], ['90', ' 6'], ['14', ' 6'], ['52', ' 6'], ['94', ' 1'], ['58', ' 7'], ['29', ' 4'], ['48', ' 4'], ['98', ' 4'], ['13', ' 4'], ['55', ' 1'], ['28', ' 1'], ['59', ' 1']]","{'4': 25, '97': 54, '22': 2, '85': 2, '9': 26, '21': 1, '73': 1, '79': 1, '15': 11, '90': 6, '14': 6, '52': 6, '94': 1, '58': 7, '29': 4, '48': 4, '98': 4, '13': 4, '55': 1, '28': 1, '59': 1}"
25,25,"[['46', ' 2'], ['59', ' 5'], ['98', ' 16'], ['26', ' 1'], ['32', ' 1'], ['94', ' 2'], ['70', ' 1'], ['67', ' 6'], ['12', ' 7'], ['27', ' 1'], ['18', ' 4'], ['36', ' 2'], ['55', ' 2'], ['75', ' 2'], ['31', ' 2'], ['85', ' 2'], ['28', ' 2'], ['51', ' 2'], ['99', ' 2']]","{'46': 2, '59': 5, '98': 16, '26': 1, '32': 1, '94': 2, '70': 1, '67': 6, '12': 7, '27': 1, '18': 4, '36': 2, '55': 2, '75': 2, '31': 2, '85': 2, '28': 2, '51': 2, '99': 2}"
26,26,"[['71', ' 1'], ['50', ' 11'], ['51', ' 7'], ['75', ' 3'], ['77', ' 1'], ['81', ' 1'], ['58', ' 18'], ['25', ' 1'], ['56', ' 4'], ['22', ' 2'], ['70', ' 6'], ['96', ' 1'], ['90', ' 4'], ['4', ' 4'], ['52', ' 4'], ['15', ' 6'], ['14', ' 2'], ['39', ' 5'], ['67', ' 3'], ['21', ' 1']]","{'71': 1, '50': 11, '51': 7, '75': 3, '77': 1, '81': 1, '58': 18, '25': 1, '56': 4, '22': 2, '70': 6, '96': 1, '90': 4, '4': 4, '52': 4, '15': 6, '14': 2, '39': 5, '67': 3, '21': 1}"
27,27,"[['0', ' 2'], ['8', ' 5'], ['78', ' 3'], ['33', ' 1'], ['61', ' 0']]","{'0': 2, '8': 5, '78': 3, '33': 1, '61': 0}"
28,28,"[['75', ' 175'], ['90', ' 24'], ['31', ' 201'], ['85', ' 248'], ['55', ' 205'], ['51', ' 138'], ['59', ' 233'], ['98', ' 142'], ['12', ' 9'], ['13', ' 117'], ['42', ' 86'], ['56', ' 13'], ['99', ' 95'], ['53', ' 2'], ['14', ' 23'], ['81', ' 1'], ['67', ' 48'], ['82', ' 32'], ['50', ' 44'], ['33', ' 29'], ['58', ' 18'], ['74', ' 23'], ['38', ' 1'], ['52', ' 21'], ['96', ' 1'], ['22', ' 4'], ['4', ' 10'], ['48', ' 7'], ['97', ' 8'], ['15', ' 17'], ['29', ' 7'], ['6', ' 7'], ['62', ' 8'], ['43', ' 9'], ['8', ' 1'], ['18', ' 3'], ['70', ' 3'], ['25', ' 2'], ['24', ' 1'], ['9', ' 1'], ['61', ' 1']]","{'75': 175, '90': 24, '31': 201, '85': 248, '55': 205, '51': 138, '59': 233, '98': 142, '12': 9, '13': 117, '42': 86, '56': 13, '99': 95, '53': 2, '14': 23, '81': 1, '67': 48, '82': 32, '50': 44, '33': 29, '58': 18, '74': 23, '38': 1, '52': 21, '96': 1, '22': 4, '4': 10, '48': 7, '97': 8, '15': 17, '29': 7, '6': 7, '62': 8, '43': 9, '8': 1, '18': 3, '70': 3, '25': 2, '24': 1, '9': 1, '61': 1}"
29,29,"[['98', ' 176'], ['58', ' 177'], ['59', ' 28'], ['97', ' 178'], ['48', ' 172'], ['15', ' 172'], ['13', ' 183'], ['91', ' 29'], ['40', ' 1'], ['85', ' 27'], ['31', ' 40'], ['82', ' 1'], ['46', ' 1'], ['55', ' 24'], ['96', ' 1'], ['42', ' 15'], ['33', ' 1'], ['71', ' 1'], ['56', ' 9'], ['28', ' 7'], ['90', ' 8'], ['86', ' 1'], ['24', ' 4'], ['75', ' 4'], ['22', ' 2']]","{'98': 176, '58': 177, '59': 28, '97': 178, '48': 172, '15': 172, '13': 183, '91': 29, '40': 1, '85': 27, '31': 40, '82': 1, '46': 1, '55': 24, '96': 1, '42': 15, '33': 1, '71': 1, '56': 9, '28': 7, '90': 8, '86': 1, '24': 4, '75': 4, '22': 2}"
30,30,"[['12', ' 6'], ['55', ' 14'], ['42', ' 1'], ['75', ' 1'], ['38', ' 1'], ['64', ' 1']]","{'12': 6, '55': 14, '42': 1, '75': 1, '38': 1, '64': 1}"
31,31,"[['13', ' 1708'], ['59', ' 1328'], ['98', ' 352'], ['38', ' 8'], ['85', ' 630'], ['22', ' 45'], ['75', ' 198'], ['82', ' 94'], ['56', ' 70'], ['1', ' 11'], ['90', ' 34'], ['42', ' 160'], ['28', ' 203'], ['55', ' 321'], ['97', ' 47'], ['67', ' 105'], ['39', ' 40'], ['58', ' 88'], ['48', ' 41'], ['12', ' 15'], ['15', ' 68'], ['33', ' 83'], ['50', ' 99'], ['51', ' 123'], ['29', ' 40'], ['74', ' 75'], ['83', ' 5'], ['44', ' 5'], ['95', ' 5'], ['54', ' 1'], ['53', ' 2'], ['99', ' 80'], ['60', ' 6'], ['14', ' 9'], ['52', ' 19'], ['94', ' 1'], ['62', ' 11'], ['21', ' 9'], ['70', ' 11'], ['87', ' 1'], ['43', ' 9'], ['91', ' 5'], ['18', ' 6'], ['11', ' 1'], ['4', ' 6'], ['25', ' 2'], ['6', ' 3']]","{'13': 1708, '59': 1328, '98': 352, '38': 8, '85': 630, '22': 45, '75': 198, '82': 94, '56': 70, '1': 11, '90': 34, '42': 160, '28': 203, '55': 321, '97': 47, '67': 105, '39': 40, '58': 88, '48': 41, '12': 15, '15': 68, '33': 83, '50': 99, '51': 123, '29': 40, '74': 75, '83': 5, '44': 5, '95': 5, '54': 1, '53': 2, '99': 80, '60': 6, '14': 9, '52': 19, '94': 1, '62': 11, '21': 9, '70': 11, '87': 1, '43': 9, '91': 5, '18': 6, '11': 1, '4': 6, '25': 2, '6': 3}"
32,32,"[['55', ' 17'], ['44', ' 1'], ['95', ' 2'], ['47', ' 1'], ['17', ' 1'], ['25', ' 1'], ['94', ' 3'], ['76', ' 1'], ['1', ' 1']]","{'55': 17, '44': 1, '95': 2, '47': 1, '17': 1, '25': 1, '94': 3, '76': 1, '1': 1}"
33,33,"[['67', ' 103'], ['85', ' 122'], ['9', ' 1'], ['50', ' 100'], ['31', ' 84'], ['1', ' 3'], ['54', ' 1'], ['74', ' 87'], ['75', ' 57'], ['59', ' 100'], ['90', ' 3'], ['55', ' 83'], ['12', ' 1'], ['22', ' 1'], ['98', ' 31'], ['42', ' 25'], ['28', ' 29'], ['13', ' 24'], ['51', ' 29'], ['60', ' 1'], ['62', ' 11'], ['70', ' 11'], ['99', ' 11'], ['27', ' 1'], ['18', ' 6'], ['82', ' 3'], ['6', ' 2']]","{'67': 103, '85': 122, '9': 1, '50': 100, '31': 84, '1': 3, '54': 1, '74': 87, '75': 57, '59': 100, '90': 3, '55': 83, '12': 1, '22': 1, '98': 31, '42': 25, '28': 29, '13': 24, '51': 29, '60': 1, '62': 11, '70': 11, '99': 11, '27': 1, '18': 6, '82': 3, '6': 2}"
34,34,"[['75', ' 1'], ['90', ' 3'], ['76', ' 1'], ['98', ' 3'], ['37', ' 1'], ['73', ' 2'], ['87', ' 1'], ['1', ' 1']]","{'75': 1, '90': 3, '76': 1, '98': 3, '37': 1, '73': 2, '87': 1, '1': 1}"
35,35,"[['36', ' 6'], ['17', ' 2'], ['80', ' 1'], ['13', ' 1'], ['40', ' 2']]","{'36': 6, '17': 2, '80': 1, '13': 1, '40': 2}"
36,36,"[['80', ' 4'], ['13', ' 9'], ['87', ' 1'], ['41', ' 0'], ['35', ' 1'], ['94', ' 3'], ['25', ' 2'], ['67', ' 2'], ['12', ' 2'], ['23', ' 1'], ['55', ' 2'], ['76', ' 1']]","{'80': 4, '13': 9, '87': 1, '41': 0, '35': 1, '94': 3, '25': 2, '67': 2, '12': 2, '23': 1, '55': 2, '76': 1}"
37,37,"[['39', ' 18'], ['95', ' 1'], ['83', ' 1'], ['25', ' 1']]","{'39': 18, '95': 1, '83': 1, '25': 1}"
38,38,"[['42', ' 33'], ['9', ' 3'], ['13', ' 12'], ['85', ' 42'], ['51', ' 1'], ['82', ' 8'], ['31', ' 7'], ['59', ' 8'], ['18', ' 1'], ['98', ' 5'], ['55', ' 1'], ['52', ' 2'], ['28', ' 1'], ['63', ' 1'], ['25', ' 1']]","{'42': 33, '9': 3, '13': 12, '85': 42, '51': 1, '82': 8, '31': 7, '59': 8, '18': 1, '98': 5, '55': 1, '52': 2, '28': 1, '63': 1, '25': 1}"
39,39,"[['1', ' 3'], ['31', ' 38'], ['98', ' 18'], ['50', ' 2'], ['55', ' 3'], ['23', ' 1'], ['37', ' -4'], ['15', ' 31'], ['21', ' 10'], ['87', ' 6'], ['90', ' 12'], ['17', ' 2'], ['85', ' 1'], ['64', ' 3'], ['67', ' 4'], ['81', ' 6'], ['58', ' 5'], ['26', ' 5'], ['42', ' 5'], ['51', ' 4']]","{'1': 3, '31': 38, '98': 18, '50': 2, '55': 3, '23': 1, '37': -4, '15': 31, '21': 10, '87': 6, '90': 12, '17': 2, '85': 1, '64': 3, '67': 4, '81': 6, '58': 5, '26': 5, '42': 5, '51': 4}"
40,40,"[['70', ' 7'], ['55', ' 8'], ['53', ' 3'], ['35', ' 1'], ['59', ' 1'], ['98', ' 7'], ['78', ' 1'], ['66', ' 3'], ['42', ' 1'], ['46', ' 1']]","{'70': 7, '55': 8, '53': 3, '35': 1, '59': 1, '98': 7, '78': 1, '66': 3, '42': 1, '46': 1}"
41,41,"[['36', ' 6']]",{'36': 6}
42,42,"[['85', ' 300'], ['82', ' 55'], ['71', ' 13'], ['31', ' 161'], ['55', ' 102'], ['38', ' 21'], ['13', ' 178'], ['59', ' 167'], ['52', ' 56'], ['47', ' -5'], ['22', ' 5'], ['98', ' 154'], ['83', ' 2'], ['90', ' 22'], ['44', ' 1'], ['95', ' 1'], ['28', ' 86'], ['56', ' 13'], ['43', ' 43'], ['75', ' 73'], ['12', ' 1'], ['67', ' 38'], ['50', ' 38'], ['33', ' 25'], ['58', ' 24'], ['74', ' 19'], ['51', ' 38'], ['48', ' 14'], ['97', ' 14'], ['15', ' 22'], ['29', ' 13'], ['9', ' 1'], ['49', ' 1'], ['99', ' 20'], ['73', ' 2'], ['87', ' 5'], ['39', ' 5'], ['40', ' 1'], ['4', ' 7'], ['14', ' 3'], ['89', ' 1'], ['18', ' 1'], ['70', ' 1'], ['62', ' 1']]","{'85': 300, '82': 55, '71': 13, '31': 161, '55': 102, '38': 21, '13': 178, '59': 167, '52': 56, '47': -5, '22': 5, '98': 154, '83': 2, '90': 22, '44': 1, '95': 1, '28': 86, '56': 13, '43': 43, '75': 73, '12': 1, '67': 38, '50': 38, '33': 25, '58': 24, '74': 19, '51': 38, '48': 14, '97': 14, '15': 22, '29': 13, '9': 1, '49': 1, '99': 20, '73': 2, '87': 5, '39': 5, '40': 1, '4': 7, '14': 3, '89': 1, '18': 1, '70': 1, '62': 1}"
43,43,"[['71', ' 3'], ['42', ' 41'], ['85', ' 45'], ['52', ' 28'], ['75', ' 21'], ['98', ' 21'], ['55', ' 15'], ['18', ' 1'], ['82', ' 7'], ['31', ' 9'], ['13', ' 11'], ['59', ' 10'], ['28', ' 9'], ['90', ' 5'], ['15', ' 4'], ['4', ' 4'], ['14', ' 3']]","{'71': 3, '42': 41, '85': 45, '52': 28, '75': 21, '98': 21, '55': 15, '18': 1, '82': 7, '31': 9, '13': 11, '59': 10, '28': 9, '90': 5, '15': 4, '4': 4, '14': 3}"
44,44,"[['83', ' 70'], ['21', ' 1'], ['95', ' 68'], ['90', ' 71'], ['32', ' 1'], ['78', ' 1'], ['42', ' 1'], ['98', ' 75'], ['59', ' 29'], ['85', ' 44'], ['31', ' 5'], ['55', ' 39'], ['71', ' 0'], ['12', ' 1'], ['15', ' 9'], ['60', ' 1'], ['65', ' 1'], ['52', ' 4'], ['4', ' 3']]","{'83': 70, '21': 1, '95': 68, '90': 71, '32': 1, '78': 1, '42': 1, '98': 75, '59': 29, '85': 44, '31': 5, '55': 39, '71': 0, '12': 1, '15': 9, '60': 1, '65': 1, '52': 4, '4': 3}"
45,45,"[['53', ' 11'], ['75', ' 5'], ['95', ' 0'], ['15', ' 1'], ['97', ' 1'], ['14', ' 1'], ['9', ' 1'], ['60', ' 1'], ['71', ' 1'], ['79', ' 1']]","{'53': 11, '75': 5, '95': 0, '15': 1, '97': 1, '14': 1, '9': 1, '60': 1, '71': 1, '79': 1}"
46,46,"[['98', ' 9'], ['25', ' 4'], ['23', ' 1'], ['18', ' 4'], ['78', ' 1'], ['62', ' 2'], ['40', ' 1']]","{'98': 9, '25': 4, '23': 1, '18': 4, '78': 1, '62': 2, '40': 1}"
47,47,"[['42', ' 12'], ['4', ' 3'], ['3', ' 0'], ['97', ' 1'], ['89', ' 4'], ['48', ' 1'], ['80', ' 1'], ['76', ' 1'], ['15', ' 1']]","{'42': 12, '4': 3, '3': 0, '97': 1, '89': 4, '48': 1, '80': 1, '76': 1, '15': 1}"
48,48,"[['15', ' 207'], ['7', ' 0'], ['13', ' 208'], ['97', ' 196'], ['58', ' 197'], ['98', ' 215'], ['29', ' 168'], ['91', ' 43'], ['85', ' 29'], ['59', ' 28'], ['31', ' 43'], ['82', ' 1'], ['55', ' 24'], ['42', ' 14'], ['87', ' 1'], ['56', ' 9'], ['28', ' 7'], ['21', ' 1'], ['90', ' 8'], ['24', ' 4'], ['75', ' 4'], ['22', ' 2']]","{'15': 207, '7': 0, '13': 208, '97': 196, '58': 197, '98': 215, '29': 168, '91': 43, '85': 29, '59': 28, '31': 43, '82': 1, '55': 24, '42': 14, '87': 1, '56': 9, '28': 7, '21': 1, '90': 8, '24': 4, '75': 4, '22': 2}"
49,49,"[['82', ' 6'], ['85', ' 30'], ['51', ' 7'], ['42', ' 2'], ['22', ' 1'], ['94', ' 1'], ['72', ' 1'], ['50', ' 1']]","{'82': 6, '85': 30, '51': 7, '42': 2, '22': 1, '94': 1, '72': 1, '50': 1}"
50,50,"[['18', ' 35'], ['33', ' 95'], ['67', ' 113'], ['85', ' 130'], ['78', ' 4'], ['74', ' 85'], ['14', ' 3'], ['26', ' 5'], ['75', ' 77'], ['71', ' 2'], ['81', ' 2'], ['59', ' 114'], ['31', ' 101'], ['98', ' 57'], ['55', ' 116'], ['90', ' 10'], ['51', ' 49'], ['39', ' 2'], ['12', ' 1'], ['70', ' 48'], ['62', ' 39'], ['42', ' 38'], ['28', ' 44'], ['13', ' 39'], ['77', ' 1'], ['58', ' 15'], ['99', ' 21'], ['82', ' 9'], ['56', ' 7'], ['60', ' 1'], ['83', ' 4'], ['4', ' 5'], ['52', ' 5'], ['15', ' 4'], ['88', ' -1'], ['73', ' 4'], ['87', ' 2'], ['6', ' 2'], ['49', ' 1'], ['69', ' 1']]","{'18': 35, '33': 95, '67': 113, '85': 130, '78': 4, '74': 85, '14': 3, '26': 5, '75': 77, '71': 2, '81': 2, '59': 114, '31': 101, '98': 57, '55': 116, '90': 10, '51': 49, '39': 2, '12': 1, '70': 48, '62': 39, '42': 38, '28': 44, '13': 39, '77': 1, '58': 15, '99': 21, '82': 9, '56': 7, '60': 1, '83': 4, '4': 5, '52': 5, '15': 4, '88': -1, '73': 4, '87': 2, '6': 2, '49': 1, '69': 1}"
51,51,"[['59', ' 161'], ['49', ' -1'], ['56', ' 7'], ['18', ' 5'], ['71', ' 0'], ['38', ' 1'], ['28', ' 136'], ['75', ' 161'], ['99', ' 96'], ['26', ' 9'], ['82', ' 24'], ['85', ' 167'], ['31', ' 123'], ['55', ' 107'], ['12', ' 9'], ['14', ' 23'], ['50', ' 51'], ['77', ' 2'], ['53', ' 2'], ['98', ' 78'], ['42', ' 38'], ['74', ' 23'], ['67', ' 42'], ['13', ' 53'], ['33', ' 29'], ['81', ' 0'], ['96', ' 4'], ['58', ' 10'], ['40', ' 1'], ['70', ' 12'], ['62', ' 8'], ['52', ' 8'], ['20', ' 2'], ['6', ' 5'], ['4', ' 7'], ['90', ' 9'], ['15', ' 11'], ['39', ' 4'], ['25', ' 2'], ['21', ' 1'], ['61', ' 1']]","{'59': 161, '49': -1, '56': 7, '18': 5, '71': 0, '38': 1, '28': 136, '75': 161, '99': 96, '26': 9, '82': 24, '85': 167, '31': 123, '55': 107, '12': 9, '14': 23, '50': 51, '77': 2, '53': 2, '98': 78, '42': 38, '74': 23, '67': 42, '13': 53, '33': 29, '81': 0, '96': 4, '58': 10, '40': 1, '70': 12, '62': 8, '52': 8, '20': 2, '6': 5, '4': 7, '90': 9, '15': 11, '39': 4, '25': 2, '21': 1, '61': 1}"
52,52,"[['53', ' 5'], ['71', ' 4'], ['42', ' 56'], ['85', ' 80'], ['14', ' 18'], ['75', ' 41'], ['90', ' 29'], ['98', ' 49'], ['43', ' 30'], ['2', ' 0'], ['82', ' 15'], ['31', ' 19'], ['55', ' 38'], ['13', ' 21'], ['59', ' 27'], ['22', ' 1'], ['38', ' 2'], ['28', ' 21'], ['77', ' 1'], ['15', ' 27'], ['4', ' 25'], ['56', ' 7'], ['70', ' 7'], ['58', ' 10'], ['26', ' 4'], ['97', ' 6'], ['24', ' 6'], ['9', ' 6'], ['51', ' 8'], ['99', ' 6'], ['50', ' 5'], ['79', ' 0'], ['83', ' 4'], ['44', ' 4'], ['95', ' 4'], ['62', ' 2'], ['96', ' 1']]","{'53': 5, '71': 4, '42': 56, '85': 80, '14': 18, '75': 41, '90': 29, '98': 49, '43': 30, '2': 0, '82': 15, '31': 19, '55': 38, '13': 21, '59': 27, '22': 1, '38': 2, '28': 21, '77': 1, '15': 27, '4': 25, '56': 7, '70': 7, '58': 10, '26': 4, '97': 6, '24': 6, '9': 6, '51': 8, '99': 6, '50': 5, '79': 0, '83': 4, '44': 4, '95': 4, '62': 2, '96': 1}"
53,53,"[['52', ' 12'], ['45', ' 0'], ['75', ' 28'], ['9', ' 1'], ['31', ' 2'], ['85', ' 3'], ['28', ' 2'], ['55', ' 4'], ['12', ' 2'], ['51', ' 2'], ['99', ' 1'], ['59', ' 1'], ['14', ' 1'], ['40', ' 3'], ['97', ' 1'], ['90', ' 1'], ['80', ' 0'], ['11', ' 1'], ['49', ' 1']]","{'52': 12, '45': 0, '75': 28, '9': 1, '31': 2, '85': 3, '28': 2, '55': 4, '12': 2, '51': 2, '99': 1, '59': 1, '14': 1, '40': 3, '97': 1, '90': 1, '80': 0, '11': 1, '49': 1}"
54,54,"[['91', ' 1'], ['15', ' 25'], ['21', ' 1'], ['16', ' 2'], ['33', ' 1'], ['44', ' 1'], ['31', ' 1'], ['55', ' 15'], ['90', ' 13'], ['5', ' 0'], ['86', ' 2'], ['79', ' 1'], ['64', ' 1']]","{'91': 1, '15': 25, '21': 1, '16': 2, '33': 1, '44': 1, '31': 1, '55': 15, '90': 13, '5': 0, '86': 2, '79': 1, '64': 1}"
55,55,"[['59', ' 366'], ['85', ' 415'], ['98', ' 255'], ['42', ' 102'], ['91', ' 8'], ['71', ' 1'], ['75', ' 209'], ['74', ' 71'], ['67', ' 102'], ['90', ' 77'], ['32', ' 6'], ['28', ' 201'], ['31', ' 319'], ['13', ' 150'], ['12', ' 27'], ['30', ' -4'], ['50', ' 116'], ['51', ' 107'], ['82', ' 42'], ['33', ' 79'], ['56', ' 13'], ['39', ' 3'], ['83', ' 39'], ['44', ' 39'], ['95', ' 36'], ['53', ' 2'], ['99', ' 72'], ['48', ' 24'], ['97', ' 25'], ['58', ' 39'], ['15', ' 56'], ['29', ' 24'], ['40', ' 12'], ['14', ' 9'], ['54', ' 13'], ['70', ' 35'], ['52', ' 38'], ['38', ' 1'], ['4', ' 9'], ['62', ' 24'], ['43', ' 15'], ['18', ' 19'], ['22', ' 4'], ['96', ' 1'], ['25', ' 2'], ['94', ' 2'], ['6', ' 2'], ['36', ' 2'], ['24', ' 1'], ['9', ' 1']]","{'59': 366, '85': 415, '98': 255, '42': 102, '91': 8, '71': 1, '75': 209, '74': 71, '67': 102, '90': 77, '32': 6, '28': 201, '31': 319, '13': 150, '12': 27, '30': -4, '50': 116, '51': 107, '82': 42, '33': 79, '56': 13, '39': 3, '83': 39, '44': 39, '95': 36, '53': 2, '99': 72, '48': 24, '97': 25, '58': 39, '15': 56, '29': 24, '40': 12, '14': 9, '54': 13, '70': 35, '52': 38, '38': 1, '4': 9, '62': 24, '43': 15, '18': 19, '22': 4, '96': 1, '25': 2, '94': 2, '6': 2, '36': 2, '24': 1, '9': 1}"
56,56,"[['82', ' 2'], ['98', ' 23'], ['13', ' 59'], ['74', ' 1'], ['31', ' 78'], ['51', ' 7'], ['91', ' 0'], ['22', ' 31'], ['85', ' 22'], ['58', ' 74'], ['59', ' 21'], ['75', ' 6'], ['21', ' 1'], ['55', ' 13'], ['42', ' 13'], ['28', ' 15'], ['99', ' 0'], ['70', ' 11'], ['26', ' 8'], ['29', ' 9'], ['97', ' 8'], ['48', ' 9'], ['15', ' 12'], ['90', ' 7'], ['4', ' 8'], ['52', ' 7'], ['50', ' 7'], ['14', ' 2']]","{'82': 2, '98': 23, '13': 59, '74': 1, '31': 78, '51': 7, '91': 0, '22': 31, '85': 22, '58': 74, '59': 21, '75': 6, '21': 1, '55': 13, '42': 13, '28': 15, '99': 0, '70': 11, '26': 8, '29': 9, '97': 8, '48': 9, '15': 12, '90': 7, '4': 8, '52': 7, '50': 7, '14': 2}"
57,57,"[['12', ' 7']]",{'12': 7}
58,58,"[['29', ' 165'], ['97', ' 214'], ['81', ' 2'], ['48', ' 199'], ['15', ' 205'], ['74', ' 1'], ['98', ' 215'], ['56', ' 70'], ['22', ' 49'], ['85', ' 53'], ['13', ' 241'], ['91', ' 45'], ['31', ' 88'], ['59', ' 49'], ['82', ' 1'], ['12', ' 1'], ['55', ' 39'], ['42', ' 24'], ['28', ' 18'], ['44', ' 1'], ['72', ' 1'], ['26', ' 18'], ['70', ' 13'], ['4', ' 8'], ['50', ' 15'], ['51', ' 10'], ['75', ' 9'], ['90', ' 18'], ['52', ' 10'], ['14', ' 6'], ['39', ' 5'], ['18', ' 4'], ['62', ' 4'], ['24', ' 7'], ['9', ' 3'], ['67', ' 5'], ['21', ' 1']]","{'29': 165, '97': 214, '81': 2, '48': 199, '15': 205, '74': 1, '98': 215, '56': 70, '22': 49, '85': 53, '13': 241, '91': 45, '31': 88, '59': 49, '82': 1, '12': 1, '55': 39, '42': 24, '28': 18, '44': 1, '72': 1, '26': 18, '70': 13, '4': 8, '50': 15, '51': 10, '75': 9, '90': 18, '52': 10, '14': 6, '39': 5, '18': 4, '62': 4, '24': 7, '9': 3, '67': 5, '21': 1}"
59,59,"[['13', ' 34823'], ['31', ' 1339'], ['55', ' 370'], ['98', ' 476'], ['85', ' 728'], ['51', ' 177'], ['67', ' 126'], ['90', ' 84'], ['82', ' 103'], ['74', ' 90'], ['42', ' 167'], ['97', ' 35'], ['28', ' 233'], ['56', ' 21'], ['48', ' 28'], ['75', ' 218'], ['33', ' 100'], ['50', ' 118'], ['15', ' 44'], ['38', ' 8'], ['58', ' 49'], ['29', ' 25'], ['12', ' 13'], ['83', ' 29'], ['44', ' 29'], ['95', ' 30'], ['99', ' 105'], ['53', ' 3'], ['14', ' 15'], ['25', ' 9'], ['96', ' 5'], ['52', ' 27'], ['22', ' 14'], ['76', ' 1'], ['62', ' 11'], ['40', ' 1'], ['70', ' 11'], ['43', ' 10'], ['4', ' 12'], ['18', ' 7'], ['91', ' 2'], ['6', ' 2'], ['24', ' 1'], ['9', ' 1']]","{'13': 34823, '31': 1339, '55': 370, '98': 476, '85': 728, '51': 177, '67': 126, '90': 84, '82': 103, '74': 90, '42': 167, '97': 35, '28': 233, '56': 21, '48': 28, '75': 218, '33': 100, '50': 118, '15': 44, '38': 8, '58': 49, '29': 25, '12': 13, '83': 29, '44': 29, '95': 30, '99': 105, '53': 3, '14': 15, '25': 9, '96': 5, '52': 27, '22': 14, '76': 1, '62': 11, '40': 1, '70': 11, '43': 10, '4': 12, '18': 7, '91': 2, '6': 2, '24': 1, '9': 1}"
60,60,"[['31', ' 4'], ['51', ' 1'], ['15', ' 3'], ['75', ' 3'], ['50', ' 1'], ['44', ' 1'], ['12', ' 1'], ['95', ' 1']]","{'31': 4, '51': 1, '15': 3, '75': 3, '50': 1, '44': 1, '12': 1, '95': 1}"
61,61,"[['8', ' 12'], ['65', ' 2'], ['27', ' 2'], ['96', ' 1'], ['14', ' 1'], ['75', ' 1'], ['51', ' 1'], ['28', ' 1'], ['85', ' 1'], ['6', ' 1']]","{'8': 12, '65': 2, '27': 2, '96': 1, '14': 1, '75': 1, '51': 1, '28': 1, '85': 1, '6': 1}"
62,62,"[['18', ' 33'], ['70', ' 36'], ['63', ' 5'], ['50', ' 39'], ['33', ' 11'], ['67', ' 17'], ['85', ' 13'], ['74', ' 11'], ['75', ' 14'], ['59', ' 11'], ['31', ' 11'], ['55', ' 24'], ['6', ' 11'], ['96', ' 1'], ['51', ' 8'], ['46', ' 0'], ['28', ' 8'], ['98', ' 5'], ['23', ' 0'], ['58', ' 4'], ['99', ' 3'], ['12', ' 1'], ['90', ' 2'], ['15', ' 2'], ['14', ' 3'], ['4', ' 2'], ['52', ' 2'], ['42', ' 1'], ['13', ' 1']]","{'18': 33, '70': 36, '63': 5, '50': 39, '33': 11, '67': 17, '85': 13, '74': 11, '75': 14, '59': 11, '31': 11, '55': 24, '6': 11, '96': 1, '51': 8, '46': 0, '28': 8, '98': 5, '23': 0, '58': 4, '99': 3, '12': 1, '90': 2, '15': 2, '14': 3, '4': 2, '52': 2, '42': 1, '13': 1}"
63,63,"[['62', ' 9'], ['87', ' 1'], ['13', ' 1'], ['6', ' 7'], ['2', ' 1'], ['90', ' 1'], ['65', ' 1']]","{'62': 9, '87': 1, '13': 1, '6': 7, '2': 1, '90': 1, '65': 1}"
64,64,"[['39', ' 5'], ['30', ' 0']]","{'39': 5, '30': 0}"
65,65,"[['61', ' 3'], ['44', ' 1'], ['22', ' 1'], ['96', ' 2'], ['98', ' 1']]","{'61': 3, '44': 1, '22': 1, '96': 2, '98': 1}"
66,66,"[['98', ' 4'], ['40', ' 5'], ['78', ' 2'], ['95', ' 2'], ['62', ' 1'], ['53', ' 1']]","{'98': 4, '40': 5, '78': 2, '95': 2, '62': 1, '53': 1}"
67,67,"[['13', ' 40'], ['55', ' 106'], ['33', ' 94'], ['85', ' 147'], ['59', ' 128'], ['90', ' 11'], ['71', ' 1'], ['50', ' 117'], ['31', ' 107'], ['74', ' 85'], ['75', ' 70'], ['12', ' 9'], ['28', ' 48'], ['95', ' 2'], ['98', ' 48'], ['42', ' 40'], ['15', ' 4'], ['51', ' 42'], ['82', ' 15'], ['73', ' 1'], ['62', ' 17'], ['70', ' 15'], ['99', ' 17'], ['39', ' 4'], ['94', ' 1'], ['81', ' 0'], ['25', ' 6'], ['4', ' 1'], ['18', ' 11'], ['36', ' 2'], ['41', ' 1'], ['58', ' 5'], ['26', ' 3'], ['6', ' 2'], ['21', ' 1']]","{'13': 40, '55': 106, '33': 94, '85': 147, '59': 128, '90': 11, '71': 1, '50': 117, '31': 107, '74': 85, '75': 70, '12': 9, '28': 48, '95': 2, '98': 48, '42': 40, '15': 4, '51': 42, '82': 15, '73': 1, '62': 17, '70': 15, '99': 17, '39': 4, '94': 1, '81': 0, '25': 6, '4': 1, '18': 11, '36': 2, '41': 1, '58': 5, '26': 3, '6': 2, '21': 1}"
68,68,"[['16', ' 2']]",{'16': 2}
69,69,"[['50', ' 3']]",{'50': 3}
70,70,"[['18', ' 50'], ['62', ' 40'], ['40', ' 5'], ['50', ' 46'], ['13', ' 2'], ['55', ' 35'], ['89', ' 1'], ['56', ' 11'], ['22', ' 2'], ['58', ' 13'], ['26', ' 6'], ['33', ' 11'], ['67', ' 15'], ['85', ' 12'], ['74', ' 11'], ['75', ' 14'], ['59', ' 11'], ['31', ' 11'], ['90', ' 7'], ['4', ' 7'], ['52', ' 7'], ['51', ' 12'], ['15', ' 4'], ['14', ' 2'], ['98', ' 9'], ['28', ' 3'], ['6', ' 2'], ['88', ' 1'], ['42', ' 1']]","{'18': 50, '62': 40, '40': 5, '50': 46, '13': 2, '55': 35, '89': 1, '56': 11, '22': 2, '58': 13, '26': 6, '33': 11, '67': 15, '85': 12, '74': 11, '75': 14, '59': 11, '31': 11, '90': 7, '4': 7, '52': 7, '51': 12, '15': 4, '14': 2, '98': 9, '28': 3, '6': 2, '88': 1, '42': 1}"
71,71,"[['42', ' 17'], ['85', ' 11'], ['90', ' 3'], ['52', ' 10'], ['55', ' 1'], ['75', ' 1'], ['51', ' 2'], ['26', ' 1'], ['50', ' 2'], ['43', ' 7'], ['44', ' 2'], ['18', ' 1'], ['78', ' 1']]","{'42': 17, '85': 11, '90': 3, '52': 10, '55': 1, '75': 1, '51': 2, '26': 1, '50': 2, '43': 7, '44': 2, '18': 1, '78': 1}"
72,72,"[['58', ' 4'], ['78', ' 2']]","{'58': 4, '78': 2}"
73,73,"[['97', ' -5'], ['34', ' -1'], ['87', ' 1'], ['42', ' 2'], ['90', ' 4'], ['98', ' 5'], ['50', ' 2']]","{'97': -5, '34': -1, '87': 1, '42': 2, '90': 4, '98': 5, '50': 2}"
74,74,"[['56', ' 1'], ['2', ' 1'], ['59', ' 92'], ['55', ' 75'], ['75', ' 50'], ['50', ' 87'], ['48', ' 1'], ['90', ' 4'], ['33', ' 85'], ['67', ' 85'], ['85', ' 111'], ['31', ' 77'], ['76', ' 1'], ['12', ' 1'], ['14', ' 1'], ['98', ' 26'], ['42', ' 19'], ['28', ' 23'], ['13', ' 18'], ['51', ' 25'], ['26', ' 1'], ['20', ' 1'], ['62', ' 11'], ['95', ' 1'], ['70', ' 11'], ['99', ' 9'], ['18', ' 6'], ['6', ' 2']]","{'56': 1, '2': 1, '59': 92, '55': 75, '75': 50, '50': 87, '48': 1, '90': 4, '33': 85, '67': 85, '85': 111, '31': 77, '76': 1, '12': 1, '14': 1, '98': 26, '42': 19, '28': 23, '13': 18, '51': 25, '26': 1, '20': 1, '62': 11, '95': 1, '70': 11, '99': 9, '18': 6, '6': 2}"
75,75,"[['31', ' 202'], ['85', ' 242'], ['97', ' 5'], ['28', ' 175'], ['55', ' 213'], ['71', ' 1'], ['74', ' 48'], ['12', ' 14'], ['52', ' 41'], ['53', ' 30'], ['51', ' 161'], ['50', ' 77'], ['33', ' 55'], ['99', ' 99'], ['45', ' -1'], ['59', ' 220'], ['56', ' 6'], ['26', ' 5'], ['98', ' 120'], ['14', ' 40'], ['77', ' 4'], ['90', ' 16'], ['13', ' 97'], ['67', ' 68'], ['42', ' 73'], ['43', ' 23'], ['82', ' 22'], ['30', ' 1'], ['62', ' 14'], ['60', ' 3'], ['96', ' 2'], ['58', ' 9'], ['70', ' 14'], ['6', ' 7'], ['4', ' 9'], ['15', ' 18'], ['18', ' 8'], ['48', ' 4'], ['29', ' 4'], ['25', ' 2'], ['20', ' 1'], ['19', ' 0'], ['61', ' 1']]","{'31': 202, '85': 242, '97': 5, '28': 175, '55': 213, '71': 1, '74': 48, '12': 14, '52': 41, '53': 30, '51': 161, '50': 77, '33': 55, '99': 99, '45': -1, '59': 220, '56': 6, '26': 5, '98': 120, '14': 40, '77': 4, '90': 16, '13': 97, '67': 68, '42': 73, '43': 23, '82': 22, '30': 1, '62': 14, '60': 3, '96': 2, '58': 9, '70': 14, '6': 7, '4': 9, '15': 18, '18': 8, '48': 4, '29': 4, '25': 2, '20': 1, '19': 0, '61': 1}"
76,76,"[['91', ' 1'], ['74', ' 1'], ['83', ' 1'], ['18', ' 1'], ['4', ' 4'], ['17', ' 3'], ['3', ' 1'], ['47', ' 1'], ['89', ' 1'], ['36', ' 1']]","{'91': 1, '74': 1, '83': 1, '18': 1, '4': 4, '17': 3, '3': 1, '47': 1, '89': 1, '36': 1}"
77,77,"[['14', ' 5'], ['75', ' 4'], ['51', ' 2'], ['99', ' 2'], ['81', ' 1'], ['50', ' 1'], ['26', ' 1'], ['16', ' 1'], ['13', ' 21'], ['52', ' 1']]","{'14': 5, '75': 4, '51': 2, '99': 2, '81': 1, '50': 1, '26': 1, '16': 1, '13': 21, '52': 1}"
78,78,"[['98', ' 23'], ['83', ' 4'], ['50', ' 4'], ['72', ' 2'], ['22', ' 1'], ['66', ' 0'], ['8', ' 5'], ['40', ' 1'], ['27', ' 3'], ['14', ' 1']]","{'98': 23, '83': 4, '50': 4, '72': 2, '22': 1, '66': 0, '8': 5, '40': 1, '27': 3, '14': 1}"
79,79,"[['52', ' 9'], ['98', ' 7'], ['23', ' 1'], ['9', ' 1'], ['24', ' 1'], ['0', ' 1'], ['54', ' 1'], ['45', ' 1'], ['56', ' 1']]","{'52': 9, '98': 7, '23': 1, '9': 1, '24': 1, '0': 1, '54': 1, '45': 1, '56': 1}"
80,80,"[['13', ' 28'], ['15', ' 2'], ['36', ' 6'], ['47', ' 0'], ['1', ' 1'], ['54', ' 1'], ['53', ' 2'], ['10', ' -1'], ['35', ' 1'], ['3', ' 2']]","{'13': 28, '15': 2, '36': 6, '47': 0, '1': 1, '54': 1, '53': 2, '10': -1, '35': 1, '3': 2}"
81,81,"[['58', ' 3'], ['28', ' 2'], ['51', ' 3'], ['67', ' 3'], ['50', ' 1'], ['12', ' 1'], ['77', ' 1'], ['26', ' 3'], ['39', ' 7'], ['23', ' 1'], ['32', ' 1'], ['33', ' 1'], ['15', ' 7'], ['21', ' 3']]","{'58': 3, '28': 2, '51': 3, '67': 3, '50': 1, '12': 1, '77': 1, '26': 3, '39': 7, '23': 1, '32': 1, '33': 1, '15': 7, '21': 3}"
82,82,"[['85', ' 256'], ['42', ' 59'], ['49', ' 3'], ['98', ' 86'], ['13', ' 100'], ['59', ' 105'], ['31', ' 102'], ['56', ' 1'], ['54', ' 1'], ['38', ' 8'], ['51', ' 24'], ['67', ' 16'], ['55', ' 42'], ['48', ' 1'], ['97', ' 1'], ['58', ' 1'], ['15', ' 2'], ['29', ' 1'], ['75', ' 25'], ['28', ' 34'], ['52', ' 15'], ['73', ' 1'], ['50', ' 9'], ['43', ' 7'], ['90', ' 2'], ['33', ' 3'], ['92', ' 2'], ['32', ' 1'], ['14', ' 1'], ['4', ' 1'], ['1', ' 1']]","{'85': 256, '42': 59, '49': 3, '98': 86, '13': 100, '59': 105, '31': 102, '56': 1, '54': 1, '38': 8, '51': 24, '67': 16, '55': 42, '48': 1, '97': 1, '58': 1, '15': 2, '29': 1, '75': 25, '28': 34, '52': 15, '73': 1, '50': 9, '43': 7, '90': 2, '33': 3, '92': 2, '32': 1, '14': 1, '4': 1, '1': 1}"
83,83,"[['74', ' 2'], ['78', ' 3'], ['90', ' 74'], ['44', ' 70'], ['42', ' 2'], ['95', ' 72'], ['98', ' 79'], ['76', ' 1'], ['7', ' 0'], ['59', ' 31'], ['85', ' 45'], ['31', ' 5'], ['55', ' 39'], ['15', ' 9'], ['50', ' 4'], ['9', ' 1'], ['28', ' 1'], ['52', ' 4'], ['4', ' 3'], ['2', ' 1']]","{'74': 2, '78': 3, '90': 74, '44': 70, '42': 2, '95': 72, '98': 79, '76': 1, '7': 0, '59': 31, '85': 45, '31': 5, '55': 39, '15': 9, '50': 4, '9': 1, '28': 1, '52': 4, '4': 3, '2': 1}"
84,84,"[['22', ' 3']]",{'22': 3}
85,85,"[['49', ' 10'], ['82', ' 240'], ['42', ' 296'], ['55', ' 419'], ['98', ' 467'], ['33', ' 114'], ['59', ' 724'], ['71', ' 7'], ['31', ' 628'], ['13', ' 447'], ['1', ' 1'], ['38', ' 32'], ['75', ' 244'], ['67', ' 135'], ['90', ' 85'], ['28', ' 244'], ['56', ' 24'], ['52', ' 82'], ['97', ' 29'], ['58', ' 51'], ['50', ' 130'], ['24', ' 2'], ['74', ' 107'], ['48', ' 29'], ['12', ' 17'], ['15', ' 46'], ['51', ' 165'], ['29', ' 27'], ['43', ' 47'], ['83', ' 45'], ['44', ' 42'], ['95', ' 41'], ['99', ' 107'], ['53', ' 3'], ['14', ' 24'], ['40', ' 1'], ['22', ' 15'], ['11', ' -2'], ['62', ' 13'], ['96', ' 2'], ['39', ' 1'], ['70', ' 10'], ['6', ' 7'], ['4', ' 12'], ['18', ' 6'], ['25', ' 2'], ['91', ' 2'], ['9', ' 1'], ['61', ' 1']]","{'49': 10, '82': 240, '42': 296, '55': 419, '98': 467, '33': 114, '59': 724, '71': 7, '31': 628, '13': 447, '1': 1, '38': 32, '75': 244, '67': 135, '90': 85, '28': 244, '56': 24, '52': 82, '97': 29, '58': 51, '50': 130, '24': 2, '74': 107, '48': 29, '12': 17, '15': 46, '51': 165, '29': 27, '43': 47, '83': 45, '44': 42, '95': 41, '99': 107, '53': 3, '14': 24, '40': 1, '22': 15, '11': -2, '62': 13, '96': 2, '39': 1, '70': 10, '6': 7, '4': 12, '18': 6, '25': 2, '91': 2, '9': 1, '61': 1}"
86,86,"[['5', ' 1'], ['15', ' 12'], ['54', ' 2'], ['29', ' 1']]","{'5': 1, '15': 12, '54': 2, '29': 1}"
87,87,"[['39', ' 8'], ['31', ' 1'], ['98', ' 4'], ['15', ' 3'], ['21', ' 1'], ['73', ' 1'], ['34', ' 1'], ['36', ' 1'], ['42', ' 5'], ['90', ' 4'], ['93', ' 2'], ['50', ' 2']]","{'39': 8, '31': 1, '98': 4, '15': 3, '21': 1, '73': 1, '34': 1, '36': 1, '42': 5, '90': 4, '93': 2, '50': 2}"
88,88,"[['50', ' 3'], ['70', ' 1']]","{'50': 3, '70': 1}"
89,89,"[['15', ' 17'], ['44', ' 1'], ['3', ' -1'], ['47', ' 4'], ['76', ' 1'], ['42', ' 1'], ['4', ' 1']]","{'15': 17, '44': 1, '3': -1, '47': 4, '76': 1, '42': 1, '4': 1}"
90,90,"[['2', ' -1'], ['59', ' 82'], ['67', ' 9'], ['85', ' 83'], ['31', ' 34'], ['98', ' 112'], ['71', ' 2'], ['51', ' 10'], ['13', ' 21'], ['18', ' 1'], ['55', ' 79'], ['21', ' 8'], ['28', ' 19'], ['74', ' 4'], ['42', ' 22'], ['83', ' 69'], ['44', ' 73'], ['95', ' 76'], ['52', ' 29'], ['33', ' 3'], ['50', ' 12'], ['75', ' 16'], ['54', ' 11'], ['17', ' 5'], ['15', ' 79'], ['53', ' 1'], ['39', ' 12'], ['14', ' 20'], ['4', ' 27'], ['56', ' 7'], ['70', ' 7'], ['58', ' 18'], ['26', ' 4'], ['97', ' 14'], ['24', ' 6'], ['9', ' 6'], ['63', ' 1'], ['99', ' 7'], ['48', ' 8'], ['91', ' 6'], ['29', ' 8'], ['34', ' 1'], ['43', ' 5'], ['82', ' 2'], ['3', ' 1'], ['73', ' 4'], ['87', ' 4'], ['62', ' 2']]","{'2': -1, '59': 82, '67': 9, '85': 83, '31': 34, '98': 112, '71': 2, '51': 10, '13': 21, '18': 1, '55': 79, '21': 8, '28': 19, '74': 4, '42': 22, '83': 69, '44': 73, '95': 76, '52': 29, '33': 3, '50': 12, '75': 16, '54': 11, '17': 5, '15': 79, '53': 1, '39': 12, '14': 20, '4': 27, '56': 7, '70': 7, '58': 18, '26': 4, '97': 14, '24': 6, '9': 6, '63': 1, '99': 7, '48': 8, '91': 6, '29': 8, '34': 1, '43': 5, '82': 2, '3': 1, '73': 4, '87': 4, '62': 2}"
91,91,"[['55', ' 8'], ['56', ' 2'], ['85', ' 3'], ['15', ' 40'], ['98', ' 46'], ['48', ' 45'], ['97', ' 44'], ['58', ' 43'], ['13', ' 36'], ['29', ' 27'], ['76', ' 1'], ['1', ' 1'], ['12', ' 1'], ['31', ' 5'], ['90', ' 4'], ['59', ' 2']]","{'55': 8, '56': 2, '85': 3, '15': 40, '98': 46, '48': 45, '97': 44, '58': 43, '13': 36, '29': 27, '76': 1, '1': 1, '12': 1, '31': 5, '90': 4, '59': 2}"
92,92,"[['77', ' 1'], ['82', ' 2'], ['86', ' 1'], ['33', ' 1'], ['50', ' 1']]","{'77': 1, '82': 2, '86': 1, '33': 1, '50': 1}"
93,93,"[['87', ' 2']]",{'87': 2}
94,94,"[['25', ' 1'], ['32', ' -1'], ['67', ' 1'], ['12', ' 1'], ['36', ' 3'], ['55', ' 2']]","{'25': 1, '32': -1, '67': 1, '12': 1, '36': 3, '55': 2}"
95,95,"[['44', ' 70'], ['83', ' 70'], ['45', ' 1'], ['82', ' 1'], ['21', ' 1'], ['90', ' 76'], ['42', ' 1'], ['98', ' 73'], ['59', ' 26'], ['85', ' 41'], ['31', ' 5'], ['55', ' 36'], ['67', ' 2'], ['32', ' 1'], ['17', ' 2'], ['15', ' 14'], ['74', ' 1'], ['0', ' 3'], ['8', ' 1'], ['66', ' 2'], ['94', ' 1'], ['52', ' 4'], ['4', ' 5'], ['60', ' 1']]","{'44': 70, '83': 70, '45': 1, '82': 1, '21': 1, '90': 76, '42': 1, '98': 73, '59': 26, '85': 41, '31': 5, '55': 36, '67': 2, '32': 1, '17': 2, '15': 14, '74': 1, '0': 3, '8': 1, '66': 2, '94': 1, '52': 4, '4': 5, '60': 1}"
96,96,"[['29', ' 1'], ['14', ' 5'], ['75', ' 2'], ['51', ' 4'], ['99', ' 1'], ['28', ' 3'], ['59', ' 0'], ['85', ' 2'], ['6', ' 2'], ['62', ' 1'], ['26', ' 1'], ['55', ' 1'], ['65', ' 0'], ['61', ' 3']]","{'29': 1, '14': 5, '75': 2, '51': 4, '99': 1, '28': 3, '59': 0, '85': 2, '6': 2, '62': 1, '26': 1, '55': 1, '65': 0, '61': 3}"
97,97,"[['9', ' 45'], ['15', ' 206'], ['79', ' 1'], ['58', ' 216'], ['4', ' 50'], ['29', ' 176'], ['48', ' 200'], ['24', ' 64'], ['98', ' 204'], ['14', ' 8'], ['85', ' 29'], ['13', ' 205'], ['91', ' 42'], ['31', ' 49'], ['59', ' 35'], ['42', ' 15'], ['82', ' 1'], ['73', ' 9'], ['55', ' 25'], ['71', ' 1'], ['53', ' 1'], ['56', ' 10'], ['28', ' 8'], ['90', ' 14'], ['52', ' 6'], ['32', ' 1'], ['75', ' 4'], ['22', ' 2'], ['17', ' 1']]","{'9': 45, '15': 206, '79': 1, '58': 216, '4': 50, '29': 176, '48': 200, '24': 64, '98': 204, '14': 8, '85': 29, '13': 205, '91': 42, '31': 49, '59': 35, '42': 15, '82': 1, '73': 9, '55': 25, '71': 1, '53': 1, '56': 10, '28': 8, '90': 14, '52': 6, '32': 1, '75': 4, '22': 2, '17': 1}"
98,98,"[['55', ' 255'], ['85', ' 465'], ['59', ' 474'], ['31', ' 354'], ['13', ' 564'], ['56', ' 23'], ['82', ' 82'], ['7', ' -1'], ['90', ' 110'], ['33', ' 32'], ['48', ' 203'], ['97', ' 204'], ['58', ' 215'], ['15', ' 236'], ['91', ' 44'], ['29', ' 164'], ['78', ' 15'], ['42', ' 154'], ['28', ' 142'], ['46', ' 1'], ['75', ' 120'], ['50', ' 57'], ['52', ' 49'], ['83', ' 75'], ['44', ' 69'], ['95', ' 69'], ['38', ' 5'], ['39', ' 16'], ['51', ' 76'], ['79', ' 0'], ['12', ' 5'], ['43', ' 23'], ['67', ' 48'], ['99', ' 50'], ['74', ' 24'], ['25', ' 16'], ['1', ' 1'], ['22', ' 12'], ['21', ' 9'], ['40', ' 7'], ['87', ' 4'], ['18', ' 8'], ['70', ' 9'], ['62', ' 5'], ['73', ' 5'], ['4', ' 7'], ['24', ' 4'], ['17', ' 1'], ['14', ' 3'], ['65', ' 1'], ['34', ' 1'], ['8', ' 1']]","{'55': 255, '85': 465, '59': 474, '31': 354, '13': 564, '56': 23, '82': 82, '7': -1, '90': 110, '33': 32, '48': 203, '97': 204, '58': 215, '15': 236, '91': 44, '29': 164, '78': 15, '42': 154, '28': 142, '46': 1, '75': 120, '50': 57, '52': 49, '83': 75, '44': 69, '95': 69, '38': 5, '39': 16, '51': 76, '79': 0, '12': 5, '43': 23, '67': 48, '99': 50, '74': 24, '25': 16, '1': 1, '22': 12, '21': 9, '40': 7, '87': 4, '18': 8, '70': 9, '62': 5, '73': 5, '4': 7, '24': 4, '17': 1, '14': 3, '65': 1, '34': 1, '8': 1}"
99,99,"[['40', ' 1'], ['26', ' 2'], ['51', ' 102'], ['75', ' 99'], ['56', ' 3'], ['14', ' 19'], ['33', ' 12'], ['77', ' 2'], ['59', ' 105'], ['28', ' 99'], ['85', ' 113'], ['31', ' 80'], ['55', ' 72'], ['12', ' 7'], ['53', ' 3'], ['52', ' 7'], ['98', ' 52'], ['13', ' 37'], ['96', ' 3'], ['42', ' 20'], ['74', ' 9'], ['67', ' 17'], ['50', ' 23'], ['6', ' 5'], ['22', ' 1'], ['4', ' 5'], ['90', ' 7'], ['15', ' 5'], ['62', ' 3'], ['61', ' 1'], ['25', ' 2'], ['17', ' 1']]","{'40': 1, '26': 2, '51': 102, '75': 99, '56': 3, '14': 19, '33': 12, '77': 2, '59': 105, '28': 99, '85': 113, '31': 80, '55': 72, '12': 7, '53': 3, '52': 7, '98': 52, '13': 37, '96': 3, '42': 20, '74': 9, '67': 17, '50': 23, '6': 5, '22': 1, '4': 5, '90': 7, '15': 5, '62': 3, '61': 1, '25': 2, '17': 1}"
